Workbook

Sheet Customer Names
A1: Customer ID | B1: Title | C1: First name | D1: Last name
A2: Id1 | B2: Ms | C2: Hawks | D2: Kelly
A3: Id2 | B3: Mr | C3: Lehner | D3: Matthew D
A4: Id3 | B4: Mr | C4: Lu | D4: Phil
A5: Id4 | B5: Ms | C5: Osborne | D5: Kelsey
A6: Id5 | B6: Ms | C6: Kadala | D6: Kristyn
A7: Id6 | B7: Mr | C7: Baker | D7: Russell B
A8: Id7 | B8: Mr | C8: Macpherson | D8: Scott | H8: ’
A9: Id8 | B9: Mr | C9: Hallman | D9: Stephen
A10: Id9 | B10: Mr | C10: Moran | D10: Patrick R
A11: Id10 | B11: Ms | C11: Benner | D11: Brooke N
A12: Id11 | B12: Ms | C12: Fierro Vargas | D12: Paola Andrea
A13: Id12 | B13: Mr | C13: Franz | D13: David
A14: Id13 | B14: Mr | C14: Foster | D14: Wade
A15: Id14 | B15: Mr | C15: Tenorio | D15: Franklin
A16: Id15 | B16: Ms | C16: Rios | D16: Leilani M
A17: Id16 | B17: Mr | C17: Viau-Dupuis | D17: Philippe
A18: Id17 | B18: Ms | C18: Cronin | D18: Jennifer A
A19: Id18 | B19: Ms | C19: Noordstar | D19: Christina M
A20: Id19 | B20: Mr | C20: Boudalia | D20: Said Sr
... A2336: Id2335 | B2336: Mr | C2336: German | D2336: Aaron K

Sheet Medical Examinations
A1: Customer ID | B1: BMI | C1: HBA1C | D1: Heart Issues | E1: Any Transplants | F1: Cancer history | G1: NumberOfMajorSurgeries | H1: smoker | I1: Mode | J1: Weight Status | K1: Diabetes Status
A2: Id1 | B2: 47.41 | C2: 7.47 | D2: No | E2: No | F2: No | G2: 0 | H2: yes | I2: =COUNTIF(H:H,"Yes") -> 975 | J2: {=_xlfn.IFS(B2<18.5,"Underweight",B2<=24.9,"Normal weight",B2<=29.9, "overweight",TRUE,"obesity")} -> obesity | K2: {=_xlfn.IFS(C2<5.7,"Normal",C2<=6.4,"Predibetics",TRUE,"Diabetes")} -> Diabetes
A3: Id2 | B3: 30.36 | C3: 5.77 | D3: No | E3: No | F3: No | G3: 0 | H3: yes | I3: =COUNTIF(H:H,"No") -> 1360 | J3: {=_xlfn.IFS(B3<18.5,"Underweight",B3<=24.9,"Normal weight",B3<=29.9, "overweight",TRUE,"obesity")} -> obesity | K3: {=_xlfn.IFS(C3<5.7,"Normal",C3<=6.4,"Predibetics",TRUE,"Diabetes")} -> Predibetics
A4: Id3 | B4: 34.485 | C4: 11.87 | D4: yes | E4: No | F4: No | G4: 2 | H4: yes | I4: =COUNTIF(H:H,"?") -> 0 | J4: {=_xlfn.IFS(B4<18.5,"Underweight",B4<=24.9,"Normal weight",B4<=29.9, "overweight",TRUE,"obesity")} -> obesity | K4: {=_xlfn.IFS(C4<5.7,"Normal",C4<=6.4,"Predibetics",TRUE,"Diabetes")} -> Diabetes
A5: Id4 | B5: 38.095 | C5: 6.05 | D5: No | E5: No | F5: No | G5: 0 | H5: yes | J5: {=_xlfn.IFS(B5<18.5,"Underweight",B5<=24.9,"Normal weight",B5<=29.9, "overweight",TRUE,"obesity")} -> obesity | K5: {=_xlfn.IFS(C5<5.7,"Normal",C5<=6.4,"Predibetics",TRUE,"Diabetes")} -> Predibetics
A6: Id5 | B6: 35.53 | C6: 5.45 | D6: No | E6: No | F6: No | G6: 0 | H6: yes | J6: {=_xlfn.IFS(B6<18.5,"Underweight",B6<=24.9,"Normal weight",B6<=29.9, "overweight",TRUE,"obesity")} -> obesity | K6: {=_xlfn.IFS(C6<5.7,"Normal",C6<=6.4,"Predibetics",TRUE,"Diabetes")} -> Normal
A7: Id6 | B7: 32.8 | C7: 6.59 | D7: No | E7: No | F7: No | G7: 0 | H7: yes | J7: {=_xlfn.IFS(B7<18.5,"Underweight",B7<=24.9,"Normal weight",B7<=29.9, "overweight",TRUE,"obesity")} -> obesity | K7: {=_xlfn.IFS(C7<5.7,"Normal",C7<=6.4,"Predibetics",TRUE,"Diabetes")} -> Diabetes
A8: Id7 | B8: 36.4 | C8: 6.07 | D8: No | E8: No | F8: No | G8: 0 | H8: yes | J8: {=_xlfn.IFS(B8<18.5,"Underweight",B8<=24.9,"Normal weight",B8<=29.9, "overweight",TRUE,"obesity")} -> obesity | K8: {=_xlfn.IFS(C8<5.7,"Normal",C8<=6.4,"Predibetics",TRUE,"Diabetes")} -> Predibetics
A9: Id8 | B9: 36.96 | C9: 7.93 | D9: No | E9: No | F9: No | G9: 3 | H9: yes | J9: {=_xlfn.IFS(B9<18.5,"Underweight",B9<=24.9,"Normal weight",B9<=29.9, "overweight",TRUE,"obesity")} -> obesity | K9: {=_xlfn.IFS(C9<5.7,"Normal",C9<=6.4,"Predibetics",TRUE,"Diabetes")} -> Diabetes
A10: Id9 | B10: 41.14 | C10: 9.58 | D10: yes | E10: No | F10: Yes | G10: 1 | H10: yes | J10: {=_xlfn.IFS(B10<18.5,"Underweight",B10<=24.9,"Normal weight",B10<=29.9, "overweight",TRUE,"obesity")} -> obesity | K10: {=_xlfn.IFS(C10<5.7,"Normal",C10<=6.4,"Predibetics",TRUE,"Diabetes")} -> Diabetes
A11: Id10 | B11: 38.06 | C11: 10.79 | D11: No | E11: No | F11: No | G11: 0 | H11: yes | J11: {=_xlfn.IFS(B11<18.5,"Underweight",B11<=24.9,"Normal weight",B11<=29.9, "overweight",TRUE,"obesity")} -> obesity | K11: {=_xlfn.IFS(C11<5.7,"Normal",C11<=6.4,"Predibetics",TRUE,"Diabetes")} -> Diabetes
A12: Id11 | B12: 37.7 | C12: 5.96 | D12: yes | E12: No | F12: No | G12: 2 | H12: yes | J12: {=_xlfn.IFS(B12<18.5,"Underweight",B12<=24.9,"Normal weight",B12<=29.9, "overweight",TRUE,"obesity")} -> obesity | K12: {=_xlfn.IFS(C12<5.7,"Normal",C12<=6.4,"Predibetics",TRUE,"Diabetes")} -> Predibetics
A13: Id12 | B13: 42.13 | C13: 11.9 | D13: No | E13: No | F13: No | G13: 0 | H13: yes | J13: {=_xlfn.IFS(B13<18.5,"Underweight",B13<=24.9,"Normal weight",B13<=29.9, "overweight",TRUE,"obesity")} -> obesity | K13: {=_xlfn.IFS(C13<5.7,"Normal",C13<=6.4,"Predibetics",TRUE,"Diabetes")} -> Diabetes
A14: Id13 | B14: 40.92 | C14: 8.41 | D14: No | E14: No | F14: No | G14: 0 | H14: yes | J14: {=_xlfn.IFS(B14<18.5,"Underweight",B14<=24.9,"Normal weight",B14<=29.9, "overweight",TRUE,"obesity")} -> obesity | K14: {=_xlfn.IFS(C14<5.7,"Normal",C14<=6.4,"Predibetics",TRUE,"Diabetes")} -> Diabetes
A15: Id14 | B15: 40.565 | C15: 7.02 | D15: No | E15: No | F15: No | G15: 0 | H15: yes | J15: {=_xlfn.IFS(B15<18.5,"Underweight",B15<=24.9,"Normal weight",B15<=29.9, "overweight",TRUE,"obesity")} -> obesity | K15: {=_xlfn.IFS(C15<5.7,"Normal",C15<=6.4,"Predibetics",TRUE,"Diabetes")} -> Diabetes
A16: Id15 | B16: 36.385 | C16: 7.59 | D16: yes | E16: No | F16: No | G16: 2 | H16: yes | J16: {=_xlfn.IFS(B16<18.5,"Underweight",B16<=24.9,"Normal weight",B16<=29.9, "overweight",TRUE,"obesity")} -> obesity | K16: {=_xlfn.IFS(C16<5.7,"Normal",C16<=6.4,"Predibetics",TRUE,"Diabetes")} -> Diabetes
... A2336: Id2335 | B2336: 17.58 | C2336: 4.51 | D2336: No | E2336: No | F2336: No | G2336: 1 | H2336: No | J2336: {=_xlfn.IFS(B2336<18.5,"Underweight",B2336<=24.9,"Normal weight",B2336<=29.9, "overweight",TRUE,"obesity")} -> Underweight | K2336: {=_xlfn.IFS(C2336<5.7,"Normal",C2336<=6.4,"Predibetics",TRUE,"Diabetes")} -> Normal

Sheet Hospitalisation Details
A1: Customer ID | B1: year | C1: month | D1: date | E1: children | F1: charges | G1: hospital | H1: City tier | I1: State ID | J1: Rounded average | K1: tier - 2 | L1: tier3 | M1: tier3 | N1: city tier | O1: Dateof birth | P1: Age | Q1: Date
A2: Id2335 | B2: 1992 | C2: Jul | D2: 9 | E2: 0 | F2: 563.84 | G2: tier - 2 | H2: tier - 3 | I2: R1013 | J2: =ROUND(AVERAGE(B:B),0) -> 1983 | K2: =COUNTIF(G:G,"tier - 2") -> 1340 | L2: =COUNTIF(G:G,"tier - 3") -> 694 | M2: =COUNTIF(H:H,"tier - 3") -> 796 | N2: =COUNTIF(H:H,"tier - 2") -> 813 | O2: =_xlfn.CONCAT(Table1[[#This Row],[date]]," ", Table1[[#This Row],[month]]," ",Table1[[#This Row],[year]]) -> 9 Jul 1992 | P2: =DATEDIF(O2,Q2,"y") -> 30 | Q2: 45085
A3: Id2334 | B3: 1992 | C3: Nov | D3: 30 | E3: 0 | F3: 570.62 | G3: tier - 2 | H3: tier - 1 | I3: R1013 | J3: =ROUND(AVERAGE(B:B),0) -> 1983 | O3: =_xlfn.CONCAT(Table1[[#This Row],[date]]," ", Table1[[#This Row],[month]]," ",Table1[[#This Row],[year]]) -> 30 Nov 1992 | P3: =DATEDIF(O3,"8-6-2023","y") -> 30
A4: Id2333 | B4: 1993 | C4: Jun | D4: 30 | E4: 0 | F4: 600 | G4: tier - 2 | H4: tier - 1 | I4: R1013 | J4: =ROUND(AVERAGE(B:B),0) -> 1983 | O4: =_xlfn.CONCAT(Table1[[#This Row],[date]]," ", Table1[[#This Row],[month]]," ",Table1[[#This Row],[year]]) -> 30 Jun 1993 | P4: =DATEDIF(O4,"8-6-2023","y") -> 29
A5: Id2332 | B5: 1992 | C5: Sep | D5: 13 | E5: 0 | F5: 604.54 | G5: tier - 3 | H5: tier - 3 | I5: R1013 | J5: =ROUND(AVERAGE(B:B),0) -> 1983 | O5: =_xlfn.CONCAT(Table1[[#This Row],[date]]," ", Table1[[#This Row],[month]]," ",Table1[[#This Row],[year]]) -> 13 Sep 1992 | P5: =DATEDIF(O5,"8-6-2023","y") -> 30
A6: Id2331 | B6: 1998 | C6: Jul | D6: 27 | E6: 0 | F6: 637.26 | G6: tier - 3 | H6: tier - 3 | I6: R1013 | J6: =ROUND(AVERAGE(B:B),0) -> 1983 | O6: =_xlfn.CONCAT(Table1[[#This Row],[date]]," ", Table1[[#This Row],[month]]," ",Table1[[#This Row],[year]]) -> 27 Jul 1998 | P6: =DATEDIF(O6,"8-6-2023","y") -> 24
A7: Id2330 | B7: 2001 | C7: Nov | D7: 20 | E7: 0 | F7: 646.14 | G7: tier - 3 | H7: tier - 3 | I7: R1012 | J7: =ROUND(AVERAGE(B:B),0) -> 1983 | O7: =_xlfn.CONCAT(Table1[[#This Row],[date]]," ", Table1[[#This Row],[month]]," ",Table1[[#This Row],[year]]) -> 20 Nov 2001 | P7: =DATEDIF(O7,"8-6-2023","y") -> 21
A8: Id2329 | B8: 1993 | C8: Jun | D8: 1 | E8: 0 | F8: 650 | G8: tier - 3 | H8: tier - 3 | I8: R1013 | J8: =ROUND(AVERAGE(B:B),0) -> 1983 | O8: =_xlfn.CONCAT(Table1[[#This Row],[date]]," ", Table1[[#This Row],[month]]," ",Table1[[#This Row],[year]]) -> 1 Jun 1993 | P8: =DATEDIF(O8,"8-6-2023","y") -> 30
A9: Id2328 | B9: 1995 | C9: Jul | D9: 4 | E9: 0 | F9: 650 | G9: tier - 3 | H9: tier - 3 | I9: R1013 | J9: =ROUND(AVERAGE(B:B),0) -> 1983 | O9: =_xlfn.CONCAT(Table1[[#This Row],[date]]," ", Table1[[#This Row],[month]]," ",Table1[[#This Row],[year]]) -> 4 Jul 1995 | P9: =DATEDIF(O9,"8-6-2023","y") -> 27
A10: Id2327 | B10: 2002 | C10: Nov | D10: 29 | E10: 0 | F10: 668 | G10: tier - 3 | H10: tier - 2 | I10: R1012 | J10: =ROUND(AVERAGE(B:B),0) -> 1983 | O10: =_xlfn.CONCAT(Table1[[#This Row],[date]]," ", Table1[[#This Row],[month]]," ",Table1[[#This Row],[year]]) -> 29 Nov 2002 | P10: =DATEDIF(O10,"8-6-2023","y") -> 20
A11: Id2326 | B11: 1997 | C11: Nov | D11: 9 | E11: 0 | F11: 670 | G11: tier - 3 | H11: tier - 3 | I11: R1013 | J11: =ROUND(AVERAGE(B:B),0) -> 1983 | O11: =_xlfn.CONCAT(Table1[[#This Row],[date]]," ", Table1[[#This Row],[month]]," ",Table1[[#This Row],[year]]) -> 9 Nov 1997 | P11: =DATEDIF(O11,"8-6-2023","y") -> 25
A12: Id2325 | B12: 2001 | C12: Sep | D12: 12 | E12: 0 | F12: 687.54 | G12: tier - 3 | H12: tier - 2 | I12: R1013 | J12: =ROUND(AVERAGE(B:B),0) -> 1983 | O12: =_xlfn.CONCAT(Table1[[#This Row],[date]]," ", Table1[[#This Row],[month]]," ",Table1[[#This Row],[year]]) -> 12 Sep 2001 | P12: =DATEDIF(O12,"8-6-2023","y") -> 21
A13: Id2324 | B13: 1999 | C13: Dec | D13: 26 | E13: 0 | F13: 700 | G13: tier - 2 | H13: tier - 3 | I13: R1013 | J13: =ROUND(AVERAGE(B:B),0) -> 1983 | O13: =_xlfn.CONCAT(Table1[[#This Row],[date]]," ", Table1[[#This Row],[month]]," ",Table1[[#This Row],[year]]) -> 26 Dec 1999 | P13: =DATEDIF(O13,"8-6-2023","y") -> 23
A14: Id2323 | B14: 1999 | C14: Dec | D14: 14 | E14: 0 | F14: 722.99 | G14: tier - 3 | H14: tier - 1 | I14: R1013 | J14: =ROUND(AVERAGE(B:B),0) -> 1983 | O14: =_xlfn.CONCAT(Table1[[#This Row],[date]]," ", Table1[[#This Row],[month]]," ",Table1[[#This Row],[year]]) -> 14 Dec 1999 | P14: =DATEDIF(O14,"8-6-2023","y") -> 23
... A2343: Id2 | B2343: 1977 | C2343: Jun | D2343: 8 | E2343: 0 | F2343: 62592.87 | G2343: tier - 2 | H2343: tier - 3 | I2343: R1013 | J2343: =ROUND(AVERAGE(B:B),0) -> 1983 | O2343: =_xlfn.CONCAT(Table1[[#This Row],[date]]," ", Table1[[#This Row],[month]]," ",Table1[[#This Row],[year]]) -> 8 Jun 1977 | P2343: =DATEDIF(O2343,"8-6-2023","y") -> 46
A2344: Id1 | B2344: 1968 | C2344: Oct | D2344: 12 | E2344: 0 | F2344: 63770.43 | G2344: tier - 1 | H2344: tier - 3 | I2344: R1013 | J2344: =ROUND(AVERAGE(B:B),0) -> 1983 | O2344: =_xlfn.CONCAT(Table1[[#This Row],[date]]," ", Table1[[#This Row],[month]]," ",Table1[[#This Row],[year]]) -> 12 Oct 1968 | P2344: =DATEDIF(O2344,DATE(2023,6,8),"y") -> 54
O2350: =1968-2023 -> -55

Sheet pivot chart 
A3: Count of Customer ID | B3: Column Labels
A4: Row Labels | B4: No | C4: yes | D4: Grand Total
A5: No | B5: 1123 | C5: 821 | D5: 1944
A6: Yes | B6: 237 | C6: 154 | D6: 391
A7: Grand Total | B7: 1360 | C7: 975 | D7: 2335
L11: Row Labels | M11: Sum of NumberOfMajorSurgeries | N11: Average of HBA1C
L12: No | M12: 1417 | N12: 6.6704427
L13: yes | M13: 162 | N13: 5.1876389 | R13: Row Labels | S13: Sum of charges
L14: Grand Total | M14: 1579 | N14: 6.5789979 | R14: Diabetes | S14: 12730910
R15: Normal weight | S15: 1726354.5
R16: obesity | S16: 8348186.9
R17: overweight | S17: 2166322.2
R18: Underweight | S18: 490046.85
R19: Normal | S19: 13239342
R20: Normal weight | S20: 1674180.5
R21: obesity | S21: 8539194.3 | AD21: Average of charges | AE21: Column Labels
R22: overweight | S22: 2459264.4 | AD22: Row Labels | AE22: R1011 | AF22: R1012 | AG22: R1013 | AH22: R1014 | AI22: R1015 | AJ22: R1016 | AK22: R1017 | AL22: R1018 | AM22: R1019 | AN22: R1020 | AO22: R1021 | AP22: R1022 | AQ22: R1023 | AR22: R1024 | AS22: R1025 | AT22: R1026 | AU22: Unknown | AV22: Grand Total
R23: Underweight | S23: 566702.46 | AD23: tier - 1 | AE23: 33081.374 | AF23: 26111.458 | AG23: 31328.102 | AH23: 13891.86 | AI23: 21523.52 | AJ23: 39868.616 | AK23: 34070.596 | AL23: 33475.82 | AM23: 27621.61 | AQ23: 18261.757 | AR23: 32732.187 | AT23: 18709.798 | AU23: 20996.53 | AV23: 30129.199
R24: Predibetics | S24: 5622106.5 | AD24: tier - 2 | AE24: 18997.281 | AF24: 10334.279 | AG24: 8439.2844 | AH24: 2395.17 | AI24: 15675.543 | AJ24: 16075.963 | AK24: 11365.622 | AL24: 10139.553 | AM24: 8116.72 | AN24: 6760.5433 | AO24: 7668.1787 | AP24: 10102.027 | AQ24: 13457.095 | AR24: 10174.346 | AS24: 6886.0368 | AT24: 11919.608 | AV24: 11865.269
R25: Normal weight | S25: 841586.97 | AD25: tier - 3 | AE25: 9250.3618 | AF25: 10179.942 | AG25: 6890.7568 | AH25: 16950.485 | AI25: 7570.755 | AJ25: 8133.0084 | AK25: 8667.3662 | AL25: 12570.97 | AM25: 12706.976 | AN25: 11716.453 | AO25: 11518.786 | AP25: 11637.812 | AQ25: 12785.637 | AR25: 13360.979 | AS25: 10510.314 | AT25: 12296.78 | AV25: 9462.2693
R26: obesity | S26: 3612138.9 | AD26: Grand Total | AE26: 19466.246 | AF26: 12016.474 | AG26: 10514.94 | AH26: 13478.057 | AI26: 13948.61 | AJ26: 13589.263 | AK26: 14806.108 | AL26: 13272.787 | AM26: 13633.143 | AN26: 9238.4983 | AO26: 8933.3781 | AP26: 10650.521 | AQ26: 13786.149 | AR26: 12865.149 | AS26: 8788.7823 | AT26: 12489.921 | AU26: 20996.53 | AV26: 13529.918
R27: overweight | S27: 1010850
R28: Underweight | S28: 157530.57
R29: Grand Total | S29: 31592359

Sheet Healthcare 
A1: Customer ID | B1: First name | C1: BMI | D1: HBA1C | E1: Heart Issues | F1: Any Transplants | G1: Cancer history | H1: NumberOfMajorSurgeries | I1: smoker | J1: Weight status | K1: Diebetics status | L1: Date of birth | M1: charges | N1: hospital teir | O1: City tier | P1: State ID | Q1: Age
A2: Id1 | B2: =VLOOKUP('Healthcare '!A:A,Table2[],3,FALSE) -> Hawks | C2: =VLOOKUP(A2,'Medical Examinations'!A2:K2336,2,FALSE) -> 47.41 | D2: =VLOOKUP($A2,'Medical Examinations'!$A$2:$K$2336,3,FALSE) -> 7.47 | E2: =VLOOKUP($A2,'Medical Examinations'!$A$2:$K$2336,4,FALSE) -> No | F2: =VLOOKUP($A2,'Medical Examinations'!$A$2:$K$2336,5,FALSE) -> No | G2: =VLOOKUP($A2,'Medical Examinations'!$A$2:$K$2336,6,FALSE) -> No | H2: =VLOOKUP($A2,'Medical Examinations'!$A$2:$K$2336,7,FALSE) -> 0 | I2: =VLOOKUP($A2,'Medical Examinations'!$A$2:$K$2336,8,FALSE) -> yes | J2: =VLOOKUP($A2,'Medical Examinations'!$A$2:$K$2336,10,FALSE) -> obesity | K2: =VLOOKUP($A2,'Medical Examinations'!$A$2:$K$2336,11,FALSE) -> Diabetes | L2: =VLOOKUP($A2,'Hospitalisation Details'!$A$2:$O$2344,15,FALSE) -> 12 Oct 1968 | M2: =VLOOKUP($A2,'Hospitalisation Details'!$A$2:$I$2344,6,FALSE) -> 63770.43 | N2: =VLOOKUP($A2,'Hospitalisation Details'!$A$2:$I$2344,7,FALSE) -> tier - 1 | O2: =VLOOKUP($A2,'Hospitalisation Details'!$A$2:$I$2344,8,FALSE) -> tier - 3 | P2: =VLOOKUP($A2,'Hospitalisation Details'!$A$2:$I$2344,9,FALSE) -> R1013 | Q2: =VLOOKUP($A2,'Hospitalisation Details'!$A$2:$P$2344,16,FALSE) -> 54
A3: Id2 | B3: =VLOOKUP('Healthcare '!A:A,Table2[],3,FALSE) -> Lehner | C3: =VLOOKUP(A3,'Medical Examinations'!A3:K2337,2,FALSE) -> 30.36 | D3: =VLOOKUP($A3,'Medical Examinations'!$A$2:$K$2336,3,FALSE) -> 5.77 | E3: =VLOOKUP($A3,'Medical Examinations'!$A$2:$K$2336,4,FALSE) -> No | F3: =VLOOKUP($A3,'Medical Examinations'!$A$2:$K$2336,5,FALSE) -> No | G3: =VLOOKUP($A3,'Medical Examinations'!$A$2:$K$2336,6,FALSE) -> No | H3: =VLOOKUP($A3,'Medical Examinations'!$A$2:$K$2336,7,FALSE) -> 0 | I3: =VLOOKUP($A3,'Medical Examinations'!$A$2:$K$2336,8,FALSE) -> yes | J3: =VLOOKUP($A3,'Medical Examinations'!$A$2:$K$2336,10,FALSE) -> obesity | K3: =VLOOKUP($A3,'Medical Examinations'!$A$2:$K$2336,11,FALSE) -> Predibetics | L3: =VLOOKUP($A3,'Hospitalisation Details'!$A$2:$O$2344,15,FALSE) -> 8 Jun 1977 | M3: =VLOOKUP($A3,'Hospitalisation Details'!$A$2:$I$2344,6,FALSE) -> 62592.87 | N3: =VLOOKUP($A3,'Hospitalisation Details'!$A$2:$I$2344,7,FALSE) -> tier - 2 | O3: =VLOOKUP($A3,'Hospitalisation Details'!$A$2:$I$2344,8,FALSE) -> tier - 3 | P3: =VLOOKUP($A3,'Hospitalisation Details'!$A$2:$I$2344,9,FALSE) -> R1013 | Q3: =VLOOKUP($A3,'Hospitalisation Details'!$A$2:$P$2344,16,FALSE) -> 46
A4: Id3 | B4: =VLOOKUP('Healthcare '!A:A,Table2[],3,FALSE) -> Lu | C4: =VLOOKUP(A4,'Medical Examinations'!A4:K2338,2,FALSE) -> 34.485 | D4: =VLOOKUP($A4,'Medical Examinations'!$A$2:$K$2336,3,FALSE) -> 11.87 | E4: =VLOOKUP($A4,'Medical Examinations'!$A$2:$K$2336,4,FALSE) -> yes | F4: =VLOOKUP($A4,'Medical Examinations'!$A$2:$K$2336,5,FALSE) -> No | G4: =VLOOKUP($A4,'Medical Examinations'!$A$2:$K$2336,6,FALSE) -> No | H4: =VLOOKUP($A4,'Medical Examinations'!$A$2:$K$2336,7,FALSE) -> 2 | I4: =VLOOKUP($A4,'Medical Examinations'!$A$2:$K$2336,8,FALSE) -> yes | J4: =VLOOKUP($A4,'Medical Examinations'!$A$2:$K$2336,10,FALSE) -> obesity | K4: =VLOOKUP($A4,'Medical Examinations'!$A$2:$K$2336,11,FALSE) -> Diabetes | L4: =VLOOKUP($A4,'Hospitalisation Details'!$A$2:$O$2344,15,FALSE) -> 11 Sep 1970 | M4: =VLOOKUP($A4,'Hospitalisation Details'!$A$2:$I$2344,6,FALSE) -> 60021.4 | N4: =VLOOKUP($A4,'Hospitalisation Details'!$A$2:$I$2344,7,FALSE) -> tier - 1 | O4: =VLOOKUP($A4,'Hospitalisation Details'!$A$2:$I$2344,8,FALSE) -> tier - 1 | P4: =VLOOKUP($A4,'Hospitalisation Details'!$A$2:$I$2344,9,FALSE) -> R1012 | Q4: =VLOOKUP($A4,'Hospitalisation Details'!$A$2:$P$2344,16,FALSE) -> 52
A5: Id4 | B5: =VLOOKUP('Healthcare '!A:A,Table2[],3,FALSE) -> Osborne | C5: =VLOOKUP(A5,'Medical Examinations'!A5:K2339,2,FALSE) -> 38.095 | D5: =VLOOKUP($A5,'Medical Examinations'!$A$2:$K$2336,3,FALSE) -> 6.05 | E5: =VLOOKUP($A5,'Medical Examinations'!$A$2:$K$2336,4,FALSE) -> No | F5: =VLOOKUP($A5,'Medical Examinations'!$A$2:$K$2336,5,FALSE) -> No | G5: =VLOOKUP($A5,'Medical Examinations'!$A$2:$K$2336,6,FALSE) -> No | H5: =VLOOKUP($A5,'Medical Examinations'!$A$2:$K$2336,7,FALSE) -> 0 | I5: =VLOOKUP($A5,'Medical Examinations'!$A$2:$K$2336,8,FALSE) -> yes | J5: =VLOOKUP($A5,'Medical Examinations'!$A$2:$K$2336,10,FALSE) -> obesity | K5: =VLOOKUP($A5,'Medical Examinations'!$A$2:$K$2336,11,FALSE) -> Predibetics | L5: =VLOOKUP($A5,'Hospitalisation Details'!$A$2:$O$2344,15,FALSE) -> 6 Jun 1991 | M5: =VLOOKUP($A5,'Hospitalisation Details'!$A$2:$I$2344,6,FALSE) -> 58571.07 | N5: =VLOOKUP($A5,'Hospitalisation Details'!$A$2:$I$2344,7,FALSE) -> tier - 1 | O5: =VLOOKUP($A5,'Hospitalisation Details'!$A$2:$I$2344,8,FALSE) -> tier - 3 | P5: =VLOOKUP($A5,'Hospitalisation Details'!$A$2:$I$2344,9,FALSE) -> R1024 | Q5: =VLOOKUP($A5,'Hospitalisation Details'!$A$2:$P$2344,16,FALSE) -> 32
A6: Id5 | B6: =VLOOKUP('Healthcare '!A:A,Table2[],3,FALSE) -> Kadala | C6: =VLOOKUP(A6,'Medical Examinations'!A6:K2340,2,FALSE) -> 35.53 | D6: =VLOOKUP($A6,'Medical Examinations'!$A$2:$K$2336,3,FALSE) -> 5.45 | E6: =VLOOKUP($A6,'Medical Examinations'!$A$2:$K$2336,4,FALSE) -> No | F6: =VLOOKUP($A6,'Medical Examinations'!$A$2:$K$2336,5,FALSE) -> No | G6: =VLOOKUP($A6,'Medical Examinations'!$A$2:$K$2336,6,FALSE) -> No | H6: =VLOOKUP($A6,'Medical Examinations'!$A$2:$K$2336,7,FALSE) -> 0 | I6: =VLOOKUP($A6,'Medical Examinations'!$A$2:$K$2336,8,FALSE) -> yes | J6: =VLOOKUP($A6,'Medical Examinations'!$A$2:$K$2336,10,FALSE) -> obesity | K6: =VLOOKUP($A6,'Medical Examinations'!$A$2:$K$2336,11,FALSE) -> Normal | L6: =VLOOKUP($A6,'Hospitalisation Details'!$A$2:$O$2344,15,FALSE) -> 19 Jun 1989 | M6: =VLOOKUP($A6,'Hospitalisation Details'!$A$2:$I$2344,6,FALSE) -> 55135.4 | N6: =VLOOKUP($A6,'Hospitalisation Details'!$A$2:$I$2344,7,FALSE) -> tier - 1 | O6: =VLOOKUP($A6,'Hospitalisation Details'!$A$2:$I$2344,8,FALSE) -> tier - 2 | P6: =VLOOKUP($A6,'Hospitalisation Details'!$A$2:$I$2344,9,FALSE) -> R1012 | Q6: =VLOOKUP($A6,'Hospitalisation Details'!$A$2:$P$2344,16,FALSE) -> 33
A7: Id6 | B7: =VLOOKUP('Healthcare '!A:A,Table2[],3,FALSE) -> Baker | C7: =VLOOKUP(A7,'Medical Examinations'!A7:K2341,2,FALSE) -> 32.8 | D7: =VLOOKUP($A7,'Medical Examinations'!$A$2:$K$2336,3,FALSE) -> 6.59 | E7: =VLOOKUP($A7,'Medical Examinations'!$A$2:$K$2336,4,FALSE) -> No | F7: =VLOOKUP($A7,'Medical Examinations'!$A$2:$K$2336,5,FALSE) -> No | G7: =VLOOKUP($A7,'Medical Examinations'!$A$2:$K$2336,6,FALSE) -> No | H7: =VLOOKUP($A7,'Medical Examinations'!$A$2:$K$2336,7,FALSE) -> 0 | I7: =VLOOKUP($A7,'Medical Examinations'!$A$2:$K$2336,8,FALSE) -> yes | J7: =VLOOKUP($A7,'Medical Examinations'!$A$2:$K$2336,10,FALSE) -> obesity | K7: =VLOOKUP($A7,'Medical Examinations'!$A$2:$K$2336,11,FALSE) -> Diabetes | L7: =VLOOKUP($A7,'Hospitalisation Details'!$A$2:$O$2344,15,FALSE) -> 4 Aug 1962 | M7: =VLOOKUP($A7,'Hospitalisation Details'!$A$2:$I$2344,6,FALSE) -> 52590.83 | N7: =VLOOKUP($A7,'Hospitalisation Details'!$A$2:$I$2344,7,FALSE) -> tier - 1 | O7: =VLOOKUP($A7,'Hospitalisation Details'!$A$2:$I$2344,8,FALSE) -> tier - 3 | P7: =VLOOKUP($A7,'Hospitalisation Details'!$A$2:$I$2344,9,FALSE) -> R1011 | Q7: =VLOOKUP($A7,'Hospitalisation Details'!$A$2:$P$2344,16,FALSE) -> 60
A8: Id7 | B8: =VLOOKUP('Healthcare '!A:A,Table2[],3,FALSE) -> Macpherson | C8: =VLOOKUP(A8,'Medical Examinations'!A8:K2342,2,FALSE) -> 36.4 | D8: =VLOOKUP($A8,'Medical Examinations'!$A$2:$K$2336,3,FALSE) -> 6.07 | E8: =VLOOKUP($A8,'Medical Examinations'!$A$2:$K$2336,4,FALSE) -> No | F8: =VLOOKUP($A8,'Medical Examinations'!$A$2:$K$2336,5,FALSE) -> No | G8: =VLOOKUP($A8,'Medical Examinations'!$A$2:$K$2336,6,FALSE) -> No | H8: =VLOOKUP($A8,'Medical Examinations'!$A$2:$K$2336,7,FALSE) -> 0 | I8: =VLOOKUP($A8,'Medical Examinations'!$A$2:$K$2336,8,FALSE) -> yes | J8: =VLOOKUP($A8,'Medical Examinations'!$A$2:$K$2336,10,FALSE) -> obesity | K8: =VLOOKUP($A8,'Medical Examinations'!$A$2:$K$2336,11,FALSE) -> Predibetics | L8: =VLOOKUP($A8,'Hospitalisation Details'!$A$2:$O$2344,15,FALSE) -> 27 Oct 1994 | M8: =VLOOKUP($A8,'Hospitalisation Details'!$A$2:$I$2344,6,FALSE) -> 51194.56 | N8: =VLOOKUP($A8,'Hospitalisation Details'!$A$2:$I$2344,7,FALSE) -> tier - 1 | O8: =VLOOKUP($A8,'Hospitalisation Details'!$A$2:$I$2344,8,FALSE) -> tier - 3 | P8: =VLOOKUP($A8,'Hospitalisation Details'!$A$2:$I$2344,9,FALSE) -> R1011 | Q8: =VLOOKUP($A8,'Hospitalisation Details'!$A$2:$P$2344,16,FALSE) -> 28
A9: Id8 | B9: =VLOOKUP('Healthcare '!A:A,Table2[],3,FALSE) -> Hallman | C9: =VLOOKUP(A9,'Medical Examinations'!A9:K2343,2,FALSE) -> 36.96 | D9: =VLOOKUP($A9,'Medical Examinations'!$A$2:$K$2336,3,FALSE) -> 7.93 | E9: =VLOOKUP($A9,'Medical Examinations'!$A$2:$K$2336,4,FALSE) -> No | F9: =VLOOKUP($A9,'Medical Examinations'!$A$2:$K$2336,5,FALSE) -> No | G9: =VLOOKUP($A9,'Medical Examinations'!$A$2:$K$2336,6,FALSE) -> No | H9: =VLOOKUP($A9,'Medical Examinations'!$A$2:$K$2336,7,FALSE) -> 3 | I9: =VLOOKUP($A9,'Medical Examinations'!$A$2:$K$2336,8,FALSE) -> yes | J9: =VLOOKUP($A9,'Medical Examinations'!$A$2:$K$2336,10,FALSE) -> obesity | K9: =VLOOKUP($A9,'Medical Examinations'!$A$2:$K$2336,11,FALSE) -> Diabetes | L9: =VLOOKUP($A9,'Hospitalisation Details'!$A$2:$O$2344,15,FALSE) -> 27 Jun 1958 | M9: =VLOOKUP($A9,'Hospitalisation Details'!$A$2:$I$2344,6,FALSE) -> 49577.66 | N9: =VLOOKUP($A9,'Hospitalisation Details'!$A$2:$I$2344,7,FALSE) -> tier - 2 | O9: =VLOOKUP($A9,'Hospitalisation Details'!$A$2:$I$2344,8,FALSE) -> tier - 2 | P9: =VLOOKUP($A9,'Hospitalisation Details'!$A$2:$I$2344,9,FALSE) -> R1013 | Q9: =VLOOKUP($A9,'Hospitalisation Details'!$A$2:$P$2344,16,FALSE) -> 64
A10: Id9 | B10: =VLOOKUP('Healthcare '!A:A,Table2[],3,FALSE) -> Moran | C10: =VLOOKUP(A10,'Medical Examinations'!A10:K2344,2,FALSE) -> 41.14 | D10: =VLOOKUP($A10,'Medical Examinations'!$A$2:$K$2336,3,FALSE) -> 9.58 | E10: =VLOOKUP($A10,'Medical Examinations'!$A$2:$K$2336,4,FALSE) -> yes | F10: =VLOOKUP($A10,'Medical Examinations'!$A$2:$K$2336,5,FALSE) -> No | G10: =VLOOKUP($A10,'Medical Examinations'!$A$2:$K$2336,6,FALSE) -> Yes | H10: =VLOOKUP($A10,'Medical Examinations'!$A$2:$K$2336,7,FALSE) -> 1 | I10: =VLOOKUP($A10,'Medical Examinations'!$A$2:$K$2336,8,FALSE) -> yes | J10: =VLOOKUP($A10,'Medical Examinations'!$A$2:$K$2336,10,FALSE) -> obesity | K10: =VLOOKUP($A10,'Medical Examinations'!$A$2:$K$2336,11,FALSE) -> Diabetes | L10: =VLOOKUP($A10,'Hospitalisation Details'!$A$2:$O$2344,15,FALSE) -> 4 Sep 1963 | M10: =VLOOKUP($A10,'Hospitalisation Details'!$A$2:$I$2344,6,FALSE) -> 48970.25 | N10: =VLOOKUP($A10,'Hospitalisation Details'!$A$2:$I$2344,7,FALSE) -> tier - 1 | O10: =VLOOKUP($A10,'Hospitalisation Details'!$A$2:$I$2344,8,FALSE) -> tier - 2 | P10: =VLOOKUP($A10,'Hospitalisation Details'!$A$2:$I$2344,9,FALSE) -> R1013 | Q10: =VLOOKUP($A10,'Hospitalisation Details'!$A$2:$P$2344,16,FALSE) -> 59
A11: Id10 | B11: =VLOOKUP('Healthcare '!A:A,Table2[],3,FALSE) -> Benner | C11: =VLOOKUP(A11,'Medical Examinations'!A11:K2345,2,FALSE) -> 38.06 | D11: =VLOOKUP($A11,'Medical Examinations'!$A$2:$K$2336,3,FALSE) -> 10.79 | E11: =VLOOKUP($A11,'Medical Examinations'!$A$2:$K$2336,4,FALSE) -> No | F11: =VLOOKUP($A11,'Medical Examinations'!$A$2:$K$2336,5,FALSE) -> No | G11: =VLOOKUP($A11,'Medical Examinations'!$A$2:$K$2336,6,FALSE) -> No | H11: =VLOOKUP($A11,'Medical Examinations'!$A$2:$K$2336,7,FALSE) -> 0 | I11: =VLOOKUP($A11,'Medical Examinations'!$A$2:$K$2336,8,FALSE) -> yes | J11: =VLOOKUP($A11,'Medical Examinations'!$A$2:$K$2336,10,FALSE) -> obesity | K11: =VLOOKUP($A11,'Medical Examinations'!$A$2:$K$2336,11,FALSE) -> Diabetes | L11: =VLOOKUP($A11,'Hospitalisation Details'!$A$2:$O$2344,15,FALSE) -> 29 Dec 1978 | M11: =VLOOKUP($A11,'Hospitalisation Details'!$A$2:$I$2344,6,FALSE) -> 48885.14 | N11: =VLOOKUP($A11,'Hospitalisation Details'!$A$2:$I$2344,7,FALSE) -> tier - 1 | O11: =VLOOKUP($A11,'Hospitalisation Details'!$A$2:$I$2344,8,FALSE) -> tier - 2 | P11: =VLOOKUP($A11,'Hospitalisation Details'!$A$2:$I$2344,9,FALSE) -> R1013 | Q11: =VLOOKUP($A11,'Hospitalisation Details'!$A$2:$P$2344,16,FALSE) -> 44
A12: Id11 | B12: =VLOOKUP('Healthcare '!A:A,Table2[],3,FALSE) -> Fierro Vargas | C12: =VLOOKUP(A12,'Medical Examinations'!A12:K2346,2,FALSE) -> 37.7 | D12: =VLOOKUP($A12,'Medical Examinations'!$A$2:$K$2336,3,FALSE) -> 5.96 | E12: =VLOOKUP($A12,'Medical Examinations'!$A$2:$K$2336,4,FALSE) -> yes | F12: =VLOOKUP($A12,'Medical Examinations'!$A$2:$K$2336,5,FALSE) -> No | G12: =VLOOKUP($A12,'Medical Examinations'!$A$2:$K$2336,6,FALSE) -> No | H12: =VLOOKUP($A12,'Medical Examinations'!$A$2:$K$2336,7,FALSE) -> 2 | I12: =VLOOKUP($A12,'Medical Examinations'!$A$2:$K$2336,8,FALSE) -> yes | J12: =VLOOKUP($A12,'Medical Examinations'!$A$2:$K$2336,10,FALSE) -> obesity | K12: =VLOOKUP($A12,'Medical Examinations'!$A$2:$K$2336,11,FALSE) -> Predibetics | L12: =VLOOKUP($A12,'Hospitalisation Details'!$A$2:$O$2344,15,FALSE) -> 22 Jul 1959 | M12: =VLOOKUP($A12,'Hospitalisation Details'!$A$2:$I$2344,6,FALSE) -> 48824.45 | N12: =VLOOKUP($A12,'Hospitalisation Details'!$A$2:$I$2344,7,FALSE) -> tier - 2 | O12: =VLOOKUP($A12,'Hospitalisation Details'!$A$2:$I$2344,8,FALSE) -> tier - 1 | P12: =VLOOKUP($A12,'Hospitalisation Details'!$A$2:$I$2344,9,FALSE) -> R1011 | Q12: =VLOOKUP($A12,'Hospitalisation Details'!$A$2:$P$2344,16,FALSE) -> 63
A13: Id12 | B13: =VLOOKUP('Healthcare '!A:A,Table2[],3,FALSE) -> Franz | C13: =VLOOKUP(A13,'Medical Examinations'!A13:K2347,2,FALSE) -> 42.13 | D13: =VLOOKUP($A13,'Medical Examinations'!$A$2:$K$2336,3,FALSE) -> 11.9 | E13: =VLOOKUP($A13,'Medical Examinations'!$A$2:$K$2336,4,FALSE) -> No | F13: =VLOOKUP($A13,'Medical Examinations'!$A$2:$K$2336,5,FALSE) -> No | G13: =VLOOKUP($A13,'Medical Examinations'!$A$2:$K$2336,6,FALSE) -> No | H13: =VLOOKUP($A13,'Medical Examinations'!$A$2:$K$2336,7,FALSE) -> 0 | I13: =VLOOKUP($A13,'Medical Examinations'!$A$2:$K$2336,8,FALSE) -> yes | J13: =VLOOKUP($A13,'Medical Examinations'!$A$2:$K$2336,10,FALSE) -> obesity | K13: =VLOOKUP($A13,'Medical Examinations'!$A$2:$K$2336,11,FALSE) -> Diabetes | L13: =VLOOKUP($A13,'Hospitalisation Details'!$A$2:$O$2344,15,FALSE) -> 27 Oct 1965 | M13: =VLOOKUP($A13,'Hospitalisation Details'!$A$2:$I$2344,6,FALSE) -> 48675.52 | N13: =VLOOKUP($A13,'Hospitalisation Details'!$A$2:$I$2344,7,FALSE) -> tier - 1 | O13: =VLOOKUP($A13,'Hospitalisation Details'!$A$2:$I$2344,8,FALSE) -> tier - 2 | P13: =VLOOKUP($A13,'Hospitalisation Details'!$A$2:$I$2344,9,FALSE) -> R1013 | Q13: =VLOOKUP($A13,'Hospitalisation Details'!$A$2:$P$2344,16,FALSE) -> 57
... A2336: Id2335 | B2336: =VLOOKUP('Healthcare '!A:A,Table2[],3,FALSE) -> German | C2336: =VLOOKUP(A2336,'Medical Examinations'!A2336:K4670,2,FALSE) -> 17.58 | D2336: =VLOOKUP($A2336,'Medical Examinations'!$A$2:$K$2336,3,FALSE) -> 4.51 | E2336: =VLOOKUP($A2336,'Medical Examinations'!$A$2:$K$2336,4,FALSE) -> No | F2336: =VLOOKUP($A2336,'Medical Examinations'!$A$2:$K$2336,5,FALSE) -> No | G2336: =VLOOKUP($A2336,'Medical Examinations'!$A$2:$K$2336,6,FALSE) -> No | H2336: =VLOOKUP($A2336,'Medical Examinations'!$A$2:$K$2336,7,FALSE) -> 1 | I2336: =VLOOKUP($A2336,'Medical Examinations'!$A$2:$K$2336,8,FALSE) -> No | J2336: =VLOOKUP($A2336,'Medical Examinations'!$A$2:$K$2336,10,FALSE) -> Underweight | K2336: =VLOOKUP($A2336,'Medical Examinations'!$A$2:$K$2336,11,FALSE) -> Normal | L2336: =VLOOKUP($A2336,'Hospitalisation Details'!$A$2:$O$2344,15,FALSE) -> 9 Jul 1992 | M2336: =VLOOKUP($A2336,'Hospitalisation Details'!$A$2:$I$2344,6,FALSE) -> 563.84 | N2336: =VLOOKUP($A2336,'Hospitalisation Details'!$A$2:$I$2344,7,FALSE) -> tier - 2 | O2336: =VLOOKUP($A2336,'Hospitalisation Details'!$A$2:$I$2344,8,FALSE) -> tier - 3 | P2336: =VLOOKUP($A2336,'Hospitalisation Details'!$A$2:$I$2344,9,FALSE) -> R1013 | Q2336: =VLOOKUP($A2336,'Hospitalisation Details'!$A$2:$P$2344,16,FALSE) -> 30

Sheet Sheet2
